Sentiment,Avg_Likes,Avg_Retweets
Negative,287.4878048780488,95.85365853658537
Positive,268.44444444444446,93.25925925925925
Neutral,259.53125,105.28125
