AgeGroup,Avg_Likes,Avg_Retweets
Adult,280.36842105263156,98.3157894736842
Teen,271.9714285714286,93.8
Senior,265.44444444444446,103.62962962962963
